estimate,estimate1,estimate2,statistic,p.value,parameter,conf.low,conf.high,method,alternative
11.997215666052043,76.09761985916931,64.10040419311727,21.89315442021183,9.864758480107032e-75,493.16675363376714,10.920533903155196,13.073897428948888,Welch Two Sample t-test,two.sided
